,iter,move,improve,obj,return,n_assets,X,Z,qN,qNv,iter_time,max_iter,neighbours,alpha,exp_return,n_port,k_min,k_max,move_strategy,seed,selection_strategy
0,0,iDR,True,0.17297770310990118,0.003707691205317486,10,[0.07621318 0.09812795 0.02589314 0.50096468 0.03730149 0.05752536 0.04645785 0.07434652 0.0184686  0.06470125],[ 0  8  9 12 15 17 23 24 27 29],1000,0,0.324873,100,1000,0.01,0.003,1,10,10,best,42,best
1,1,idID,True,0.11476644462798406,0.0030327346629908727,10,[0.03865684 0.04977245 0.01313352 0.25409926 0.01892006 0.02917801 0.02356435 0.03771003 0.50214772 0.03281776],[ 0  8  9 12 15 17 23 24 27 29],1000,296,0.85627,100,1000,0.01,0.003,1,10,10,best,42,best
2,2,idID,True,0.10657762868503298,0.003064131869934756,10,[0.03975855 0.05119096 0.01350782 0.26134103 0.01945928 0.03000957 0.02423592 0.010285   0.51645881 0.03375306],[ 0  8  9 12 15 17 23 25 27 29],1000,304,0.781441,100,1000,0.01,0.003,1,10,10,best,42,best
3,3,idID,True,0.10108780116759393,0.003216454967820715,10,[0.01030671 0.05276105 0.01392212 0.2693567  0.02005612 0.03093001 0.02497927 0.01060045 0.53229927 0.03478831],[ 4  8  9 12 15 17 23 25 27 29],1000,305,0.788983,100,1000,0.01,0.003,1,10,10,best,42,best
4,4,idID,True,0.09652590029854397,0.003192099939041304,10,[0.01046345 0.05356339 0.01413383 0.27345282 0.02036111 0.03140036 0.01076165 0.54039397 0.03531734 0.01015207],[ 4  8  9 12 15 17 25 27 29 30],1000,310,0.813778,100,1000,0.01,0.003,1,10,10,best,42,best
5,5,idID,True,0.0928133271568832,0.0032522094498677262,10,[0.01069227 0.05473473 0.01444292 0.27943278 0.02080638 0.01021868 0.01099699 0.5522115  0.03608967 0.01037408],[ 4  8  9 12 15 16 25 27 29 30],1000,290,0.848052,100,1000,0.01,0.003,1,10,10,best,42,best
6,6,idID,True,0.08773599351865456,0.0030522535756551147,10,[0.01119298 0.01511927 0.29251852 0.02178073 0.01069722 0.0104683  0.01151198 0.57807137 0.03777973 0.01085989],[ 4  9 12 15 16 18 25 27 29 30],1000,310,0.826514,100,1000,0.01,0.003,1,10,10,best,42,best
7,7,idID,True,0.08449591457781001,0.0030994813336756278,10,[0.0115128  0.01555129 0.3008768  0.01028573 0.02240308 0.01100288 0.01076741 0.01184092 0.59458889 0.0111702 ],[ 4  9 12 13 15 16 18 25 27 30],1000,295,0.87036,100,1000,0.01,0.003,1,10,10,best,42,best
8,8,idID,True,0.08145207002493172,0.0030870017662399493,10,[0.01157707 0.30255637 0.01034315 0.02252814 0.0110643  0.01082752 0.01190702 0.59790805 0.01005582 0.01123255],[ 4 12 13 15 16 18 25 27 29 30],1000,302,0.885234,100,1000,0.01,0.003,1,10,10,best,42,best
9,9,idID,True,0.0786995462760998,0.0031950027520603577,10,[0.01172395 0.01012687 0.30639493 0.01047438 0.01120467 0.01096489 0.01205808 0.60549376 0.0101834  0.01137506],[ 4  8 12 13 16 18 25 27 29 30],1000,372,0.769178,100,1000,0.01,0.003,1,10,10,best,42,best
10,10,TID,True,0.07837335518106073,0.0031884121970133994,10,[0.01172395 0.01012687 0.30333099 0.01047438 0.01120467 0.01096489 0.01205808 0.60855771 0.0101834  0.01137506],[ 4  8 12 13 16 18 25 27 29 30],1000,313,0.851525,100,1000,0.01,0.003,1,10,10,best,42,best
11,11,TID,True,0.07804497670357302,0.00318188754751691,10,[0.01172395 0.01012687 0.30029768 0.01047438 0.01120467 0.01096489 0.01205808 0.61159102 0.0101834  0.01137506],[ 4  8 12 13 16 18 25 27 29 30],1000,309,0.823028,100,1000,0.01,0.003,1,10,10,best,42,best
12,12,TID,True,0.07771454115839985,0.003175428144515386,10,[0.01172395 0.01012687 0.2972947  0.01047438 0.01120467 0.01096489 0.01205808 0.614594   0.0101834  0.01137506],[ 4  8 12 13 16 18 25 27 29 30],1000,279,0.809668,100,1000,0.01,0.003,1,10,10,best,42,best
13,13,TID,True,0.07738217539918198,0.003169033335543877,10,[0.01172395 0.01012687 0.29432175 0.01047438 0.01120467 0.01096489 0.01205808 0.61756694 0.0101834  0.01137506],[ 4  8 12 13 16 18 25 27 29 30],1000,299,0.898461,100,1000,0.01,0.003,1,10,10,best,42,best
14,14,TID,True,0.07704800289599285,0.003162702474662083,10,[0.01172395 0.01012687 0.29137853 0.01047438 0.01120467 0.01096489 0.01205808 0.62051016 0.0101834  0.01137506],[ 4  8 12 13 16 18 25 27 29 30],1000,287,0.816943,100,1000,0.01,0.003,1,10,10,best,42,best
15,15,TID,True,0.0767121438112633,0.0031564349223891074,10,[0.01172395 0.01012687 0.28846475 0.01047438 0.01120467 0.01096489 0.01205808 0.62342395 0.0101834  0.01137506],[ 4  8 12 13 16 18 25 27 29 30],1000,290,0.774544,100,1000,0.01,0.003,1,10,10,best,42,best
16,16,TID,True,0.07637471507410955,0.003150230045638861,10,[0.01172395 0.01012687 0.2855801  0.01047438 0.01120467 0.01096489 0.01205808 0.62630859 0.0101834  0.01137506],[ 4  8 12 13 16 18 25 27 29 30],1000,311,0.810052,100,1000,0.01,0.003,1,10,10,best,42,best
17,17,TID,True,0.07603583045309689,0.003144087217656117,10,[0.01172395 0.01012687 0.2827243  0.01047438 0.01120467 0.01096489 0.01205808 0.62916439 0.0101834  0.01137506],[ 4  8 12 13 16 18 25 27 29 30],1000,314,0.857607,100,1000,0.01,0.003,1,10,10,best,42,best
18,18,TID,True,0.07569560062747142,0.003138005817953201,10,[0.01172395 0.01012687 0.27989706 0.01047438 0.01120467 0.01096489 0.01205808 0.63199164 0.0101834  0.01137506],[ 4  8 12 13 16 18 25 27 29 30],1000,333,0.817636,100,1000,0.01,0.003,1,10,10,best,42,best
19,19,TID,True,0.07535413325689067,0.0031319852322473137,10,[0.01172395 0.01012687 0.27709809 0.01047438 0.01120467 0.01096489 0.01205808 0.63479061 0.0101834  0.01137506],[ 4  8 12 13 16 18 25 27 29 30],1000,300,0.815765,100,1000,0.01,0.003,1,10,10,best,42,best
20,20,TID,True,0.07501153304968404,0.003126024852398486,10,[0.01172395 0.01012687 0.27432711 0.01047438 0.01120467 0.01096489 0.01205808 0.63756159 0.0101834  0.01137506],[ 4  8 12 13 16 18 25 27 29 30],1000,304,0.784064,100,1000,0.01,0.003,1,10,10,best,42,best
21,21,TID,True,0.07466790182967345,0.003120124076348146,10,[0.01172395 0.01012687 0.27158383 0.01047438 0.01120467 0.01096489 0.01205808 0.64030486 0.0101834  0.01137506],[ 4  8 12 13 16 18 25 27 29 30],1000,293,0.796457,100,1000,0.01,0.003,1,10,10,best,42,best
22,22,TID,True,0.07432333860158295,0.0031142823080583092,10,[0.01172395 0.01012687 0.268868   0.01047438 0.01120467 0.01096489 0.01205808 0.6430207  0.0101834  0.01137506],[ 4  8 12 13 16 18 25 27 29 30],1000,309,0.820241,100,1000,0.01,0.003,1,10,10,best,42,best
23,23,TID,True,0.0739779396150669,0.003108498957451371,10,[0.01172395 0.01012687 0.26617932 0.01047438 0.01120467 0.01096489 0.01205808 0.64570938 0.0101834  0.01137506],[ 4  8 12 13 16 18 25 27 29 30],1000,302,0.838828,100,1000,0.01,0.003,1,10,10,best,42,best
24,24,TID,True,0.07363179842738464,0.0031027734403505022,10,[0.01172395 0.01012687 0.26351752 0.01047438 0.01120467 0.01096489 0.01205808 0.64837117 0.0101834  0.01137506],[ 4  8 12 13 16 18 25 27 29 30],1000,327,0.799435,100,1000,0.01,0.003,1,10,10,best,42,best
25,25,TID,True,0.07328500596474932,0.003097105178420642,10,[0.01172395 0.01012687 0.26088235 0.01047438 0.01120467 0.01096489 0.01205808 0.65100635 0.0101834  0.01137506],[ 4  8 12 13 16 18 25 27 29 30],1000,289,0.788955,100,1000,0.01,0.003,1,10,10,best,42,best
26,26,TID,True,0.0729376505823784,0.00309149359911008,10,[0.01172395 0.01012687 0.25827352 0.01047438 0.01120467 0.01096489 0.01205808 0.65361517 0.0101834  0.01137506],[ 4  8 12 13 16 18 25 27 29 30],1000,304,0.856125,100,1000,0.01,0.003,1,10,10,best,42,best
27,27,TID,True,0.07258981812327207,0.0030859381355926247,10,[0.01172395 0.01012687 0.25569079 0.01047438 0.01120467 0.01096489 0.01205808 0.65619791 0.0101834  0.01137506],[ 4  8 12 13 16 18 25 27 29 30],1000,308,0.789726,100,1000,0.01,0.003,1,10,10,best,42,best
28,28,TID,True,0.07224159197574576,0.003080438226710343,10,[0.01172395 0.01012687 0.25313388 0.01047438 0.01120467 0.01096489 0.01205808 0.65875481 0.0101834  0.01137506],[ 4  8 12 13 16 18 25 27 29 30],1000,306,0.776406,100,1000,0.01,0.003,1,10,10,best,42,best
29,29,TID,True,0.07189305312974263,0.0030749933169168845,10,[0.01172395 0.01012687 0.25060254 0.01047438 0.01120467 0.01096489 0.01205808 0.66128615 0.0101834  0.01137506],[ 4  8 12 13 16 18 25 27 29 30],1000,302,0.793153,100,1000,0.01,0.003,1,10,10,best,42,best
30,30,TID,True,0.07154428023195047,0.0030696028562213606,10,[0.01172395 0.01012687 0.24809652 0.01047438 0.01120467 0.01096489 0.01205808 0.66379218 0.0101834  0.01137506],[ 4  8 12 13 16 18 25 27 29 30],1000,309,0.783512,100,1000,0.01,0.003,1,10,10,best,42,best
31,31,TID,True,0.07119534963974815,0.003064266300132792,10,[0.01172395 0.01012687 0.24561555 0.01047438 0.01120467 0.01096489 0.01205808 0.66627314 0.0101834  0.01137506],[ 4  8 12 13 16 18 25 27 29 30],1000,285,0.798416,100,1000,0.01,0.003,1,10,10,best,42,best
32,32,TID,True,0.07084633547400516,0.0030589831096051083,10,[0.01172395 0.01012687 0.2431594  0.01047438 0.01120467 0.01096489 0.01205808 0.6687293  0.0101834  0.01137506],[ 4  8 12 13 16 18 25 27 29 30],1000,304,0.814266,100,1000,0.01,0.003,1,10,10,best,42,best
33,33,TID,True,0.07049730967075825,0.003053752750982702,10,[0.01172395 0.01012687 0.2407278  0.01047438 0.01120467 0.01096489 0.01205808 0.67116089 0.0101834  0.01137506],[ 4  8 12 13 16 18 25 27 29 30],1000,310,0.786913,100,1000,0.01,0.003,1,10,10,best,42,best
34,34,TID,True,0.07014834203178776,0.00304857469594652,10,[0.01172395 0.01012687 0.23832052 0.01047438 0.01120467 0.01096489 0.01205808 0.67356817 0.0101834  0.01137506],[ 4  8 12 13 16 18 25 27 29 30],1000,286,0.786108,100,1000,0.01,0.003,1,10,10,best,42,best
35,35,TID,True,0.06979950027411663,0.0030434484214606995,10,[0.01172395 0.01012687 0.23593732 0.01047438 0.01120467 0.01096489 0.01205808 0.67595138 0.0101834  0.01137506],[ 4  8 12 13 16 18 25 27 29 30],1000,298,0.77853,100,1000,0.01,0.003,1,10,10,best,42,best
36,36,TID,True,0.06945085007845424,0.0030383734097197373,10,[0.01172395 0.01012687 0.23357795 0.01047438 0.01120467 0.01096489 0.01205808 0.67831075 0.0101834  0.01137506],[ 4  8 12 13 16 18 25 27 29 30],1000,299,0.794874,100,1000,0.01,0.003,1,10,10,best,42,best
37,37,TID,True,0.06910245513660623,0.003033349148096185,10,[0.01172395 0.01012687 0.23124217 0.01047438 0.01120467 0.01096489 0.01205808 0.68064653 0.0101834  0.01137506],[ 4  8 12 13 16 18 25 27 29 30],1000,327,0.803806,100,1000,0.01,0.003,1,10,10,best,42,best
38,38,TID,True,0.06875437719787256,0.003028375129088868,10,[0.01172395 0.01012687 0.22892975 0.01047438 0.01120467 0.01096489 0.01205808 0.68295895 0.0101834  0.01137506],[ 4  8 12 13 16 18 25 27 29 30],1000,299,0.811309,100,1000,0.01,0.003,1,10,10,best,42,best
39,39,TID,True,0.06840667611445349,0.003023450850271624,10,[0.01172395 0.01012687 0.22664045 0.01047438 0.01120467 0.01096489 0.01205808 0.68524825 0.0101834  0.01137506],[ 4  8 12 13 16 18 25 27 29 30],1000,290,0.781349,100,1000,0.01,0.003,1,10,10,best,42,best
40,40,TID,True,0.06805940988588492,0.0030185758142425526,10,[0.01172395 0.01012687 0.22437404 0.01047438 0.01120467 0.01096489 0.01205808 0.68751465 0.0101834  0.01137506],[ 4  8 12 13 16 18 25 27 29 30],1000,303,0.797098,100,1000,0.01,0.003,1,10,10,best,42,best
41,41,iDR,True,0.06771122192693096,0.0030139287053588216,10,[0.0116439  0.01005772 0.22284197 0.01040286 0.01112816 0.01089002 0.01197575 0.68964836 0.01011387 0.01129739],[ 4  8 12 13 16 18 25 27 29 30],1000,294,0.773302,100,1000,0.01,0.003,1,10,10,best,42,best
42,42,TID,True,0.0673646830361248,0.003009135374541709,10,[0.0116439  0.01005772 0.22061355 0.01040286 0.01112816 0.01089002 0.01197575 0.69187678 0.01011387 0.01129739],[ 4  8 12 13 16 18 25 27 29 30],1000,262,0.739648,100,1000,0.01,0.003,1,10,10,best,42,best
43,43,TID,True,0.06701872702295117,0.0030043899770327664,10,[0.0116439  0.01005772 0.21840742 0.01040286 0.01112816 0.01089002 0.01197575 0.69408292 0.01011387 0.01129739],[ 4  8 12 13 16 18 25 27 29 30],1000,288,0.722898,100,1000,0.01,0.003,1,10,10,best,42,best
44,44,idID,True,0.06674374595507745,0.003025595204863441,10,[0.01165705 0.01006908 0.01001129 0.21865409 0.01041461 0.01090232 0.01198927 0.69486684 0.01012529 0.01131015],[ 4  8 10 12 13 18 25 27 29 30],1000,247,0.735889,100,1000,0.01,0.003,1,10,10,best,42,best
45,45,TID,True,0.06639356815523366,0.0030208919552884668,10,[0.01165705 0.01006908 0.01001129 0.21646755 0.01041461 0.01090232 0.01198927 0.69705339 0.01012529 0.01131015],[ 4  8 10 12 13 18 25 27 29 30],1000,314,0.722191,100,1000,0.01,0.003,1,10,10,best,42,best
46,46,TID,True,0.06604411694635312,0.003016235738209242,10,[0.01165705 0.01006908 0.01001129 0.21430288 0.01041461 0.01090232 0.01198927 0.69921806 0.01012529 0.01131015],[ 4  8 10 12 13 18 25 27 29 30],1000,324,0.694742,100,1000,0.01,0.003,1,10,10,best,42,best
47,47,TID,True,0.06569544028874826,0.003011626083300809,10,[0.01165705 0.01006908 0.01001129 0.21215985 0.01041461 0.01090232 0.01198927 0.70136109 0.01012529 0.01131015],[ 4  8 10 12 13 18 25 27 29 30],1000,303,0.752254,100,1000,0.01,0.003,1,10,10,best,42,best
48,48,TID,True,0.06534758456412648,0.0030070625249414605,10,[0.01165705 0.01006908 0.01001129 0.21003825 0.01041461 0.01090232 0.01198927 0.70348269 0.01012529 0.01131015],[ 4  8 10 12 13 18 25 27 29 30],1000,287,0.693071,100,1000,0.01,0.003,1,10,10,best,42,best
49,49,TID,True,0.06500059461324646,0.0030025446021657055,10,[0.01165705 0.01006908 0.01001129 0.20793787 0.01041461 0.01090232 0.01198927 0.70558307 0.01012529 0.01131015],[ 4  8 10 12 13 18 25 27 29 30],1000,290,0.694862,100,1000,0.01,0.003,1,10,10,best,42,best
50,50,TID,True,0.06484887116172885,0.00300317673328546,10,[0.01165705 0.01006908 0.01001129 0.20585849 0.01041461 0.01090232 0.01406865 0.70558307 0.01012529 0.01131015],[ 4  8 10 12 13 18 25 27 29 30],1000,262,0.666913,100,1000,0.01,0.003,1,10,10,best,42,best
51,51,iDR,True,0.06460874726477354,0.0030001117303809456,10,[0.01168109 0.01008985 0.01003195 0.20422031 0.01043609 0.01092481 0.01409767 0.70703857 0.01014618 0.01133348],[ 4  8 10 12 13 18 25 27 29 30],1000,290,0.712929,100,1000,0.01,0.003,1,10,10,best,42,best
52,52,TID,True,0.06445607849702606,0.0030007325601221456,10,[0.01168109 0.01008985 0.01003195 0.20217811 0.01043609 0.01092481 0.01613987 0.70703857 0.01014618 0.01133348],[ 4  8 10 12 13 18 25 27 29 30],1000,204,0.589464,100,1000,0.01,0.003,1,10,10,best,42,best
53,53,TID,True,0.06430275823467409,0.003001347181565933,10,[0.01168109 0.01008985 0.01003195 0.20015633 0.01043609 0.01092481 0.01816166 0.70703857 0.01014618 0.01133348],[ 4  8 10 12 13 18 25 27 29 30],1000,215,0.60768,100,1000,0.01,0.003,1,10,10,best,42,best
54,54,TID,True,0.06414883633849106,0.003001955656795283,10,[0.01168109 0.01008985 0.01003195 0.19815476 0.01043609 0.01092481 0.02016322 0.70703857 0.01014618 0.01133348],[ 4  8 10 12 13 18 25 27 29 30],1000,272,0.70018,100,1000,0.01,0.003,1,10,10,best,42,best
55,55,TID,True,0.06399436130806073,0.003002558047272339,10,[0.01168109 0.01008985 0.01003195 0.19617321 0.01043609 0.01092481 0.02214477 0.70703857 0.01014618 0.01133348],[ 4  8 10 12 13 18 25 27 29 30],1000,274,0.65418,100,1000,0.01,0.003,1,10,10,best,42,best
56,56,TID,True,0.06383938031255446,0.0030031544138446244,10,[0.01168109 0.01008985 0.01003195 0.19421148 0.01043609 0.01092481 0.0241065  0.70703857 0.01014618 0.01133348],[ 4  8 10 12 13 18 25 27 29 30],1000,268,0.678304,100,1000,0.01,0.003,1,10,10,best,42,best
57,57,iDR,True,0.0636028156940261,0.0030002631158725975,10,[0.01170382 0.01010949 0.01005147 0.1926435  0.0104564  0.01094607 0.02415341 0.70841439 0.01016592 0.01135554],[ 4  8 10 12 13 18 25 27 29 30],1000,279,0.685197,100,1000,0.01,0.003,1,10,10,best,42,best
58,58,TID,True,0.06344734571355745,0.0030008487521229386,10,[0.01170382 0.01010949 0.01005147 0.19071707 0.0104564  0.01094607 0.02607984 0.70841439 0.01016592 0.01135554],[ 4  8 10 12 13 18 25 27 29 30],1000,214,0.610586,100,1000,0.01,0.003,1,10,10,best,42,best
59,59,TID,True,0.06329149220385484,0.0030014285320107757,10,[0.01170382 0.01010949 0.01005147 0.1888099  0.0104564  0.01094607 0.02798701 0.70841439 0.01016592 0.01135554],[ 4  8 10 12 13 18 25 27 29 30],1000,270,0.660615,100,1000,0.01,0.003,1,10,10,best,42,best
60,60,TID,True,0.06313529757096849,0.0030020025140997343,10,[0.01170382 0.01010949 0.01005147 0.1869218  0.0104564  0.01094607 0.02987511 0.70841439 0.01016592 0.01135554],[ 4  8 10 12 13 18 25 27 29 30],1000,287,0.691492,100,1000,0.01,0.003,1,10,10,best,42,best
61,61,TID,True,0.06297880302933,0.003002570756367804,10,[0.01170382 0.01010949 0.01005147 0.18505258 0.0104564  0.01094607 0.03174433 0.70841439 0.01016592 0.01135554],[ 4  8 10 12 13 18 25 27 29 30],1000,292,0.708741,100,1000,0.01,0.003,1,10,10,best,42,best
62,62,TID,True,0.06282204862894297,0.0030031333162131926,10,[0.01170382 0.01010949 0.01005147 0.18320205 0.0104564  0.01094607 0.03359486 0.70841439 0.01016592 0.01135554],[ 4  8 10 12 13 18 25 27 29 30],1000,292,0.721648,100,1000,0.01,0.003,1,10,10,best,42,best
63,63,iDR,True,0.06258972590121181,0.0030004061817488514,10,[0.01172531 0.01012804 0.01006992 0.18170292 0.01047559 0.01096616 0.03365652 0.7097146  0.01018458 0.01137638],[ 4  8 10 12 13 18 25 27 29 30],1000,336,0.765485,100,1000,0.01,0.003,1,10,10,best,42,best
64,64,TID,True,0.06243287407711843,0.0030009585586190943,10,[0.01172531 0.01012804 0.01006992 0.17988589 0.01047559 0.01096616 0.03547354 0.7097146  0.01018458 0.01137638],[ 4  8 10 12 13 18 25 27 29 30],1000,249,0.616119,100,1000,0.01,0.003,1,10,10,best,42,best
65,65,TID,True,0.06237484575522222,0.0030124280828803416,10,[0.01352416 0.01012804 0.01006992 0.17808703 0.01047559 0.01096616 0.03547354 0.7097146  0.01018458 0.01137638],[ 4  8 10 12 13 18 25 27 29 30],1000,291,0.697432,100,1000,0.01,0.003,1,10,10,best,42,best
66,66,iDR,True,0.062144412436386354,0.0030097938085096266,10,[0.01354829 0.01014611 0.01008788 0.1766207  0.01049428 0.01098572 0.03553683 0.71098077 0.01020275 0.01139667],[ 4  8 10 12 13 18 25 27 29 30],1000,346,0.757338,100,1000,0.01,0.003,1,10,10,best,42,best
67,67,iDR,True,0.061787692609931555,0.0030050512027470816,10,[0.01345265 0.01007448 0.01001666 0.17537382 0.01042019 0.01090817 0.03528595 0.71302113 0.01013072 0.01131622],[ 4  8 10 12 13 18 25 27 29 30],1000,330,0.787651,100,1000,0.01,0.003,1,10,10,best,42,best
68,68,TID,True,0.06146937655866522,0.003001278911795515,10,[0.01345265 0.01007448 0.01001666 0.17362009 0.01042019 0.01090817 0.03528595 0.71477487 0.01013072 0.01131622],[ 4  8 10 12 13 18 25 27 29 30],1000,288,0.696292,100,1000,0.01,0.003,1,10,10,best,42,best
69,69,TID,True,0.06131308965402865,0.0030018067168558512,10,[0.01345265 0.01007448 0.01001666 0.17188388 0.01042019 0.01090817 0.03702216 0.71477487 0.01013072 0.01131622],[ 4  8 10 12 13 18 25 27 29 30],1000,227,0.633171,100,1000,0.01,0.003,1,10,10,best,42,best
70,70,TID,True,0.06115679128654845,0.003002329243865584,10,[0.01345265 0.01007448 0.01001666 0.17016505 0.01042019 0.01090817 0.03874099 0.71477487 0.01013072 0.01131622],[ 4  8 10 12 13 18 25 27 29 30],1000,285,0.653614,100,1000,0.01,0.003,1,10,10,best,42,best
71,71,TID,True,0.061000512900057646,0.00300284654560522,10,[0.01345265 0.01007448 0.01001666 0.1684634  0.01042019 0.01090817 0.04044264 0.71477487 0.01013072 0.01131622],[ 4  8 10 12 13 18 25 27 29 30],1000,273,0.68047,100,1000,0.01,0.003,1,10,10,best,42,best
72,72,iDR,True,0.06077350842851404,0.0030003386962257814,10,[0.01347535 0.01009148 0.01003357 0.1670602  0.01043778 0.01092657 0.04051089 0.71598104 0.01014782 0.01133531],[ 4  8 10 12 13 18 25 27 29 30],1000,267,0.676426,100,1000,0.01,0.003,1,10,10,best,42,best
73,73,TID,True,0.06061758051055839,0.0030008465592240496,10,[0.01347535 0.01009148 0.01003357 0.16538959 0.01043778 0.01092657 0.04218149 0.71598104 0.01014782 0.01133531],[ 4  8 10 12 13 18 25 27 29 30],1000,232,0.719747,100,1000,0.01,0.003,1,10,10,best,42,best
74,74,TID,True,0.06046175425843032,0.003001349343592335,10,[0.01347535 0.01009148 0.01003357 0.1637357  0.01043778 0.01092657 0.04383539 0.71598104 0.01014782 0.01133531],[ 4  8 10 12 13 18 25 27 29 30],1000,248,0.658729,100,1000,0.01,0.003,1,10,10,best,42,best
75,75,TID,True,0.06030605766197723,0.003001847100116938,10,[0.01347535 0.01009148 0.01003357 0.16209834 0.01043778 0.01092657 0.04547275 0.71598104 0.01014782 0.01133531],[ 4  8 10 12 13 18 25 27 29 30],1000,278,0.703361,100,1000,0.01,0.003,1,10,10,best,42,best
76,76,TID,True,0.06015051785391867,0.003002339879076294,10,[0.01347535 0.01009148 0.01003357 0.16047736 0.01043778 0.01092657 0.04709373 0.71598104 0.01014782 0.01133531],[ 4  8 10 12 13 18 25 27 29 30],1000,267,0.655422,100,1000,0.01,0.003,1,10,10,best,42,best
77,77,TID,True,0.05999516112990429,0.0030028277302460576,10,[0.01347535 0.01009148 0.01003357 0.15887258 0.01043778 0.01092657 0.0486985  0.71598104 0.01014782 0.01133531],[ 4  8 10 12 13 18 25 27 29 30],1000,264,0.665055,100,1000,0.01,0.003,1,10,10,best,42,best
78,78,iDR,True,0.05977378025830902,0.0030004628528032583,10,[0.01349679 0.01010754 0.01004953 0.15753414 0.01045438 0.01094396 0.04877599 0.71712034 0.01016396 0.01135335],[ 4  8 10 12 13 18 25 27 29 30],1000,271,0.715623,100,1000,0.01,0.003,1,10,10,best,42,best
79,79,TID,True,0.05961903647029977,0.003000941756581555,10,[0.01349679 0.01010754 0.01004953 0.1559588  0.01045438 0.01094396 0.05035134 0.71712034 0.01016396 0.01135335],[ 4  8 10 12 13 18 25 27 29 30],1000,269,0.650189,100,1000,0.01,0.003,1,10,10,best,42,best
80,80,TID,True,0.0594645439986546,0.0030014158713220686,10,[0.01349679 0.01010754 0.01004953 0.15439921 0.01045438 0.01094396 0.05191092 0.71712034 0.01016396 0.01135335],[ 4  8 10 12 13 18 25 27 29 30],1000,269,0.666089,100,1000,0.01,0.003,1,10,10,best,42,best
81,81,TID,True,0.059310326123027994,0.003001885244915177,10,[0.01349679 0.01010754 0.01004953 0.15285522 0.01045438 0.01094396 0.05345492 0.71712034 0.01016396 0.01135335],[ 4  8 10 12 13 18 25 27 29 30],1000,281,0.69857,100,1000,0.01,0.003,1,10,10,best,42,best
82,82,TID,True,0.059156405377000884,0.0030023499247723547,10,[0.01349679 0.01010754 0.01004953 0.15132666 0.01045438 0.01094396 0.05498347 0.71712034 0.01016396 0.01135335],[ 4  8 10 12 13 18 25 27 29 30],1000,300,0.713524,100,1000,0.01,0.003,1,10,10,best,42,best
83,83,iDR,True,0.05893991095822281,0.003000096817255495,10,[0.01351725 0.01012286 0.01006476 0.15004045 0.01047023 0.01096055 0.0550668  0.71820718 0.01017937 0.01137056],[ 4  8 10 12 13 18 25 27 29 30],1000,295,0.725759,100,1000,0.01,0.003,1,10,10,best,42,best
84,84,TID,True,0.05878678709163357,0.003000552940219179,10,[0.01351725 0.01012286 0.01006476 0.14854004 0.01047023 0.01096055 0.0565672  0.71820718 0.01017937 0.01137056],[ 4  8 10 12 13 18 25 27 29 30],1000,193,0.579182,100,1000,0.01,0.003,1,10,10,best,42,best
85,85,TID,True,0.058634018718905716,0.003001004501953226,10,[0.01351725 0.01012286 0.01006476 0.14705464 0.01047023 0.01096055 0.0580526  0.71820718 0.01017937 0.01137056],[ 4  8 10 12 13 18 25 27 29 30],1000,259,0.667797,100,1000,0.01,0.003,1,10,10,best,42,best
86,86,TID,True,0.058481625682422274,0.0030014515480699332,10,[0.01351725 0.01012286 0.01006476 0.1455841  0.01047023 0.01096055 0.05952315 0.71820718 0.01017937 0.01137056],[ 4  8 10 12 13 18 25 27 29 30],1000,262,0.662112,100,1000,0.01,0.003,1,10,10,best,42,best
87,87,TID,True,0.0583296271605357,0.0030018941237254736,10,[0.01351725 0.01012286 0.01006476 0.14412826 0.01047023 0.01096055 0.06097899 0.71820718 0.01017937 0.01137056],[ 4  8 10 12 13 18 25 27 29 30],1000,299,0.703943,100,1000,0.01,0.003,1,10,10,best,42,best
88,88,TID,True,0.05817804168347379,0.0030023322736244576,10,[0.01351725 0.01012286 0.01006476 0.14268697 0.01047023 0.01096055 0.06242027 0.71820718 0.01017937 0.01137056],[ 4  8 10 12 13 18 25 27 29 30],1000,306,0.710074,100,1000,0.01,0.003,1,10,10,best,42,best
89,89,iDR,True,0.057967797022860014,0.0030002079613200396,10,[0.01353656 0.01013732 0.01007915 0.14146195 0.01048519 0.01097621 0.06250947 0.71923344 0.01019391 0.01138681],[ 4  8 10 12 13 18 25 27 29 30],1000,315,0.756783,100,1000,0.01,0.003,1,10,10,best,42,best
90,90,TID,True,0.05781719557335261,0.003000638005653279,10,[0.01353656 0.01013732 0.01007915 0.14004733 0.01048519 0.01097621 0.06392409 0.71923344 0.01019391 0.01138681],[ 4  8 10 12 13 18 25 27 29 30],1000,197,0.600437,100,1000,0.01,0.003,1,10,10,best,42,best
91,91,TID,True,0.05766705499549506,0.003001063749543186,10,[0.01353656 0.01013732 0.01007915 0.13864686 0.01048519 0.01097621 0.06532456 0.71923344 0.01019391 0.01138681],[ 4  8 10 12 13 18 25 27 29 30],1000,282,0.644347,100,1000,0.01,0.003,1,10,10,best,42,best
92,92,TID,True,0.05751739147891346,0.0030014852359941937,10,[0.01353656 0.01013732 0.01007915 0.13726039 0.01048519 0.01097621 0.06671103 0.71923344 0.01019391 0.01138681],[ 4  8 10 12 13 18 25 27 29 30],1000,279,0.751008,100,1000,0.01,0.003,1,10,10,best,42,best
93,93,TID,True,0.05736822063745067,0.0030019025075806913,10,[0.01353656 0.01013732 0.01007915 0.13588779 0.01048519 0.01097621 0.06808363 0.71923344 0.01019391 0.01138681],[ 4  8 10 12 13 18 25 27 29 30],1000,267,0.728003,100,1000,0.01,0.003,1,10,10,best,42,best
94,94,TID,True,0.05721955752316046,0.0030023156064513247,10,[0.01353656 0.01013732 0.01007915 0.13452891 0.01048519 0.01097621 0.06944251 0.71923344 0.01019391 0.01138681],[ 4  8 10 12 13 18 25 27 29 30],1000,313,0.717435,100,1000,0.01,0.003,1,10,10,best,42,best
95,95,iDR,True,0.057015801663916725,0.003000312891933439,10,[0.0135548  0.01015098 0.01009272 0.13336303 0.01049931 0.01099099 0.06953606 0.72020232 0.01020765 0.01140214],[ 4  8 10 12 13 18 25 27 29 30],1000,317,0.73338,100,1000,0.01,0.003,1,10,10,best,42,best
96,96,TID,True,0.05686827529602235,0.003000718315548511,10,[0.0135548  0.01015098 0.01009272 0.1320294  0.01049931 0.01099099 0.07086969 0.72020232 0.01020765 0.01140214],[ 4  8 10 12 13 18 25 27 29 30],1000,226,0.618767,100,1000,0.01,0.003,1,10,10,best,42,best
97,97,TID,True,0.05672129529541287,0.0030011196849274316,10,[0.0135548  0.01015098 0.01009272 0.13070911 0.01049931 0.01099099 0.07218998 0.72020232 0.01020765 0.01140214],[ 4  8 10 12 13 18 25 27 29 30],1000,244,0.637868,100,1000,0.01,0.003,1,10,10,best,42,best
98,98,TID,True,0.0565748746834537,0.0030015170406125628,10,[0.0135548  0.01015098 0.01009272 0.12940202 0.01049931 0.01099099 0.07349707 0.72020232 0.01020765 0.01140214],[ 4  8 10 12 13 18 25 27 29 30],1000,277,0.667425,100,1000,0.01,0.003,1,10,10,best,42,best
99,99,TID,True,0.05642902598344432,0.003001910422740843,10,[0.0135548  0.01015098 0.01009272 0.128108   0.01049931 0.01099099 0.07479109 0.72020232 0.01020765 0.01140214],[ 4  8 10 12 13 18 25 27 29 30],1000,284,0.690235,100,1000,0.01,0.003,1,10,10,best,42,best
